title,genre,runtime,year,top200_box,director,mpaa_rating,imdb_rating,critics_rating,audience_rating,imdb_num_votes,critics_score,audience_score,best_pic_nom,best_pic_win,best_actor_win,best_actress_win,best_dir_win
Filly Brown,Drama,80,2013,no,Michael D. Olmos,R,5.5,Rotten,Upright,899,45,73,no,no,no,no,no
The Dish,Drama,101,2001,no,Rob Sitch,PG-13,7.3,Certified Fresh,Upright,12285,96,81,no,no,no,no,no
Waiting for Guffman,Comedy,84,1996,no,Christopher Guest,R,7.6,Certified Fresh,Upright,22381,91,91,no,no,no,no,no
The Age of Innocence,Drama,139,1993,no,Martin Scorsese,PG,7.2,Certified Fresh,Upright,35096,80,76,no,no,yes,no,yes
Malevolence,Horror,90,2004,no,Stevan Mena,R,5.1,Rotten,Spilled,2386,33,27,no,no,no,no,no
Old Partner,Documentary,78,2009,no,Chung-ryoul Lee,Unrated,7.8,Fresh,Upright,333,91,86,no,no,no,no,no
Lady Jane,Drama,142,1986,no,Trevor Nunn,PG-13,7.2,Rotten,Upright,5016,57,76,no,no,no,no,no
Mad Dog Time,Drama,93,1996,no,Larry Bishop,R,5.5,Rotten,Spilled,2272,17,47,no,no,yes,no,no
Beauty Is Embarrassing,Documentary,88,2012,no,Neil Berkeley,Unrated,7.5,Fresh,Upright,880,90,89,no,no,no,no,no
The Snowtown Murders,Drama,119,2012,no,Justin Kurzel,Unrated,6.6,Certified Fresh,Upright,12496,83,66,no,no,no,no,no
Superman II,Action & Adventure,127,1981,yes,Richard Lester,PG,6.8,Certified Fresh,Upright,71979,89,75,no,no,yes,no,no
Leap of Faith,Drama,108,1992,no,Richard Pearce,PG-13,6,Fresh,Spilled,9669,67,46,no,no,no,no,no
The Royal Tenenbaums,Comedy,110,2002,no,Wes Anderson,R,7.6,Certified Fresh,Upright,201779,80,89,no,no,yes,yes,no
School for Scoundrels,Comedy,100,2006,no,Todd Phillips,PG-13,5.9,Rotten,Spilled,25808,25,53,no,no,no,no,no
Rhinestone,Comedy,111,1984,no,Bob Clark (III),PG,3.6,Rotten,Spilled,5544,15,36,no,no,no,no,no
Burn After Reading,Drama,96,2008,no,Joel Coen,R,7,Certified Fresh,Upright,240033,78,64,no,no,no,yes,yes
The Doors,Drama,140,1991,no,Oliver Stone,R,7.2,Rotten,Upright,66489,54,80,no,no,no,no,yes
The Wood,Drama,106,1999,no,Rick Famuyiwa,R,6.9,Fresh,Upright,6336,61,92,no,no,no,no,no
Jason X,Horror,91,2002,no,James Isaac,R,4.4,Rotten,Spilled,37769,19,24,no,no,no,no,no
Dragon Wars,Drama,90,2007,no,Hyung-rae Shim,PG-13,3.6,Rotten,Spilled,21268,29,19,no,no,no,no,no
Fallen,Drama,124,1997,no,Gregory Hoblit,R,7,Rotten,Upright,56201,40,73,no,no,yes,no,no
The Gleaners and I,Documentary,82,2001,no,Agnes Varda,Unrated,7.6,Fresh,Upright,3459,92,86,no,no,no,no,no
Tamara Drewe,Drama,107,2010,no,Stephen Frears,R,6.2,Fresh,Spilled,16717,66,42,no,no,no,no,no
Not Without My Daughter,Drama,116,1991,no,Brian Gilbert,PG-13,6.2,Rotten,Upright,9357,47,71,no,no,no,yes,no
The Yes Men Fix the World,Documentary,87,2009,no,Andy Bichlbaum,Unrated,7.6,Certified Fresh,Upright,4541,79,77,no,no,no,no,no
"Oh, God! You Devil",Comedy,97,1984,no,Paul Bogart,PG,5.3,Rotten,Spilled,1816,40,41,no,no,no,no,no
Meet Joe Black,Drama,178,1998,no,Martin Brest,PG-13,7.1,Rotten,Upright,163490,51,81,no,no,yes,no,no
The Bay,Horror,84,2012,no,Barry Levinson,R,5.6,Certified Fresh,Spilled,19285,77,43,no,no,no,no,yes
Scandal,Art House & International,115,1989,no,Michael Caton-Jones,R,6.4,Fresh,Upright,3688,91,61,no,no,no,no,no
Imagine: John Lennon,Musical & Performing Arts,100,1988,no,Andrew Solt,R,7.9,Fresh,Upright,3488,92,91,no,no,no,no,no
Locke,Mystery & Suspense,85,2014,no,Steven Knight,R,7.1,Certified Fresh,Upright,82851,91,71,no,no,no,no,no
The Spongebob Squarepants Movie,Animation,87,2004,no,Sherm Cohen,PG,7,Fresh,Upright,56128,68,77,no,no,no,no,no
The Muppet Christmas Carol,Science Fiction & Fantasy,85,1992,no,Brian Henson,G,7.7,Fresh,Upright,33101,69,85,no,no,no,no,no
Die Hard 2,Mystery & Suspense,124,1990,no,Renny Harlin,R,7.1,Fresh,Upright,259822,69,70,no,no,no,no,no
The Reckoning,Documentary,112,2004,no,Pamela Yates,R,6.6,Rotten,Spilled,4908,40,57,no,no,no,no,no
Alice in Wonderland,Action & Adventure,108,2010,no,Tim Burton,PG,6.5,Rotten,Spilled,290356,52,55,no,no,no,no,no
I'm Not There,Drama,135,2007,no,Todd Haynes,R,7,Certified Fresh,Upright,47297,76,70,no,no,no,yes,no
Three Wishes,Drama,115,1995,no,Martha Coolidge,PG,6.1,Rotten,Spilled,2145,13,51,no,no,no,no,no
Aliens,Action & Adventure,137,1986,no,James Cameron,R,8.4,Certified Fresh,Upright,466400,98,94,no,no,no,no,yes
Driving Miss Daisy,Drama,99,1989,no,Bruce Beresford,PG,7.4,Certified Fresh,Upright,69338,81,81,yes,yes,no,yes,no
Max,Drama,106,2002,no,Menno Meyjes,R,6.6,Fresh,Upright,6228,69,64,no,no,no,no,no
Serpico,Drama,130,1973,no,Sidney Lumet,R,7.8,Fresh,Upright,75468,90,88,no,no,yes,no,no
Basic,Drama,98,2003,no,John McTiernan,R,6.5,Rotten,Upright,48519,21,64,no,no,no,no,no
The Guru,Comedy,94,2002,no,Daisy von Scherler Mayer,R,5.4,Rotten,Spilled,13523,57,40,no,no,no,no,no
The Color Purple,Drama,154,1985,no,Steven Spielberg,PG-13,7.8,Fresh,Upright,58668,88,94,yes,no,no,no,yes
The Dream Team,Comedy,113,1989,no,Howard Zieff,PG-13,6.5,Rotten,Upright,9654,54,62,no,no,no,no,no
The Man Without a Face,Drama,115,1993,no,Mel Gibson,PG-13,6.7,Fresh,Upright,22079,67,64,no,no,no,no,yes
The White Countess,Drama,135,2005,no,James Ivory,PG-13,6.7,Rotten,Spilled,5258,50,49,no,no,no,no,no
Viva Knievel!,Drama,106,1977,no,Gordon Douglas,PG,2.7,Rotten,Spilled,761,17,17,no,no,no,no,no
Rising Sun,Drama,125,1993,no,Philip Kaufman,R,6.2,Rotten,Spilled,33839,35,40,no,no,no,no,no
Mojados: Through the Night,Documentary,65,2004,no,Tommy Davis,Unrated,7.3,Fresh,Upright,183,73,88,no,no,no,no,no
Seven Pounds,Drama,123,2008,no,Gabriele Muccino,PG-13,7.7,Rotten,Upright,225130,27,75,no,no,no,no,no
The Mothman Prophecies,Mystery & Suspense,119,2002,no,Mark Pellington,PG-13,6.5,Rotten,Spilled,62241,52,56,no,no,no,no,no
Breaking and Entering,Drama,120,2007,no,Anthony Minghella,R,6.6,Rotten,Spilled,19714,34,52,no,no,no,no,yes
The English Patient,Drama,162,1996,no,Anthony Minghella,R,7.4,Certified Fresh,Upright,137126,84,83,yes,yes,yes,no,yes
Heaven & Earth,Drama,140,1994,no,Oliver Stone,R,6.8,Rotten,Upright,10468,44,72,no,no,no,no,yes
The Last Kiss,Drama,115,2006,no,Tony Goldwyn,R,6.5,Rotten,Spilled,37770,46,59,no,no,no,no,no
Three of Hearts,Drama,102,1993,no,Yurek Bogayevicz,R,5.5,Rotten,Spilled,1628,56,38,no,no,no,no,no
The Tortured,Mystery & Suspense,79,2012,no,Robert Lieberman,R,5.5,Rotten,Spilled,5587,6,35,no,no,no,no,no
The Package,Mystery & Suspense,108,1989,no,Andrew Davis,R,6.4,Fresh,Spilled,6247,64,43,no,no,yes,no,no
"Happy, Texas",Comedy,98,1999,no,Mark Illsley,PG-13,6.3,Certified Fresh,Spilled,8646,81,54,no,no,no,no,no
Then She Found Me,Drama,100,2007,no,Helen Hunt,R,6,Rotten,Spilled,8320,50,44,no,no,yes,yes,no
Promises,Documentary,106,2002,no,B.Z. Goldberg,Unrated,8.5,Certified Fresh,Upright,2362,96,96,no,no,no,no,no
Most Dangerous Man in America: Daniel Ellsberg and the Pentagon Papers,Documentary,92,2009,no,Judith Ehrlich,Unrated,7.8,Certified Fresh,Upright,1942,96,89,no,no,no,no,no
The Recruit,Mystery & Suspense,115,2003,no,Roger Donaldson,PG-13,6.6,Rotten,Spilled,110238,43,58,no,no,yes,no,no
Alvin and the Chipmunks: Chipwrecked,Animation,87,2011,no,Mike Mitchell (VI),G,4.4,Rotten,Spilled,21501,12,52,no,no,no,no,no
The Thin Blue Line,Documentary,103,1988,no,Errol Morris,Unrated,8.1,Fresh,Upright,14359,100,90,no,no,no,no,no
The Cotton Club,Musical & Performing Arts,127,1984,no,Francis Ford Coppola,R,6.5,Fresh,Spilled,12450,75,55,no,no,no,no,yes
Lord of the Flies,Drama,90,1989,no,Harry Hook,R,6.4,Fresh,Spilled,21704,63,52,no,no,no,no,no
"Same Time, Next Year",Drama,119,1978,no,Robert Mulligan,PG,7.2,Rotten,Upright,4375,40,85,no,no,no,yes,no
Proof of Life,Drama,135,2000,no,Taylor Hackford,R,6.2,Rotten,Spilled,48324,40,43,no,no,yes,no,no
Waking Up in Reno,Comedy,91,2002,no,Jordan Brady,R,5.5,Rotten,Spilled,4768,13,30,no,no,no,yes,no
Silent Fall,Mystery & Suspense,101,1994,no,Bruce Beresford,R,5.9,Rotten,Spilled,2944,24,38,no,no,yes,no,no
Rock 'n' Roll High School,Comedy,93,1979,no,Allan Arkush,PG,6.8,Fresh,Upright,6788,79,75,no,no,no,no,no
Twilight Zone---The Movie,Horror,101,1983,no,Joe Dante,PG,6.5,Fresh,Spilled,24783,65,55,no,no,no,no,no
The Golden Bowl,Drama,130,2000,no,James Ivory,R,6,Rotten,Spilled,3745,54,39,no,no,no,no,no
Rio 2,Animation,101,2014,no,Carlos Saldanha,G,6.4,Rotten,Spilled,54726,48,59,no,no,yes,no,no
Easy,Drama,99,2004,no,Jane Weinstock,R,5.9,Rotten,Spilled,1493,59,47,no,no,no,no,no
Major League: Back to the Minors,Comedy,100,1998,no,John Warren,PG-13,4.4,Rotten,Spilled,5616,21,24,no,no,no,no,no
The Wedding Banquet (Xi yan),Drama,106,1993,no,Ang Lee,R,7.6,Fresh,Upright,10492,96,87,no,no,no,no,yes
Gotti,Drama,116,1996,no,Robert Harmon,R,7.3,Fresh,Upright,4451,60,83,no,no,no,no,no
Strange Brew,Comedy,90,1983,no,Dave Thomas,R,6.8,Fresh,Upright,12269,71,81,no,no,no,no,no
Robocop 2,Action & Adventure,117,1990,no,Irvin Kershner,R,5.7,Rotten,Spilled,60335,32,35,no,no,no,no,no
Riders (Steal),Action & Adventure,83,2002,no,Gerard Pires,R,5.5,Rotten,Spilled,5035,29,34,no,no,no,no,no
Warrior,Drama,140,2011,no,Gavin O'Connor,PG-13,8.2,Certified Fresh,Upright,315051,82,92,no,no,no,no,no
Percy Jackson: Sea of Monsters,Drama,106,2013,no,Thor Freudenthal,PG,5.9,Rotten,Spilled,82737,42,55,no,no,no,no,no
Visioneers,Drama,94,2008,no,Jared Drake,R,6.1,Fresh,Spilled,4944,70,54,no,no,no,no,no
Bats,Drama,91,1999,no,Louis Morneau,R,3.6,Rotten,Spilled,8229,17,14,no,no,no,no,no
The Brother from Another Planet,Drama,108,1984,no,John Sayles,R,6.8,Fresh,Upright,4516,92,76,no,no,no,no,no
Blame It on Rio,Comedy,100,1984,no,Stanley Donen,R,5.7,Rotten,Spilled,7858,9,40,no,no,no,no,no
North Face (Nordwand),Drama,126,2010,no,Philipp Stolzl,Unrated,7.4,Certified Fresh,Upright,10938,84,82,no,no,no,no,no
Predator,Action & Adventure,107,1987,no,Shane Black,R,7.8,Certified Fresh,Upright,279704,78,87,no,no,no,no,no
The Reef,Mystery & Suspense,94,2010,no,Andrew Traucki,R,5.8,Fresh,Spilled,11192,78,41,no,no,no,no,no
Dirty Sanchez: The Movie,Comedy,94,2007,no,Jim Hickey,R,6.2,Rotten,Upright,3851,40,75,no,no,no,no,no
Shakedown,Drama,97,1988,no,James Glickenhaus,R,5.8,Fresh,Spilled,1838,71,43,no,no,no,no,no
The Principal,Drama,109,1987,no,Christopher Cain,R,6.2,Rotten,Spilled,6552,50,52,no,no,no,no,no
A New Life,Drama,104,1988,no,Alan Alda,PG-13,5.7,Rotten,Spilled,390,29,25,no,no,no,no,no
Arlington Road,Mystery & Suspense,117,1999,no,Mark Pellington,R,7.2,Fresh,Upright,68429,62,74,no,no,yes,no,no
Annie Hall,Comedy,93,1977,no,Woody Allen,PG,8.1,Certified Fresh,Upright,182983,98,93,yes,yes,no,yes,yes
Charlie: The Life and Art of Charles Chaplin,Documentary,132,2004,no,Richard Schickel,Unrated,8,Fresh,Upright,1147,95,90,no,no,no,no,no
The Sessions,Drama,95,2012,no,Ben Lewin,R,7.2,Certified Fresh,Upright,35635,93,80,no,no,no,yes,no
Prison,Drama,102,1988,no,Renny Harlin,R,5.9,Rotten,Spilled,2569,40,34,no,no,no,no,no
Kiss of Death,Drama,101,1995,no,Barbet Schroeder,R,5.9,Fresh,Spilled,13980,68,37,no,no,yes,yes,no
Citizen X,Drama,105,1995,no,Chris Gerolmo,R,7.7,Fresh,Upright,11477,86,86,no,no,no,no,no
The Comebacks,Comedy,84,2007,no,Tom Brady,PG-13,4.1,Rotten,Spilled,9853,9,33,no,no,no,no,no
The Other Woman,Drama,102,2011,no,Don Roos,R,6.4,Rotten,Spilled,14970,39,45,no,no,no,yes,no
Pusher III: I'm the Angel of Death,Drama,90,2005,no,Nicolas Winding Refn,R,7.3,Fresh,Upright,9001,92,81,no,no,no,no,no
Two for the Money,Drama,122,2005,no,D.J. Caruso,R,6.2,Rotten,Spilled,35868,22,48,no,no,yes,no,no
Star Trek V - The Final Frontier,Action & Adventure,107,1989,no,William Shatner,PG,5.4,Rotten,Spilled,41767,21,24,no,no,no,no,no
Cop & 1/2,Comedy,97,1993,no,Henry Winkler,PG,3.8,Rotten,Spilled,6954,17,35,no,no,no,no,no
Django Unchained,Other,165,2012,no,Quentin Tarantino,R,8.5,Certified Fresh,Upright,893008,88,91,yes,no,yes,no,no
Cousins,Drama,109,1989,no,Joel Schumacher,PG-13,6.2,Rotten,Upright,3467,50,69,no,no,no,no,no
Spy Game,Drama,126,2001,no,Tony Scott,R,7,Fresh,Upright,117688,66,75,no,no,no,no,no
Held Up,Comedy,89,2000,no,Steve Rash,PG-13,5.1,Rotten,Spilled,2817,17,43,no,no,yes,no,no
Striking Distance,Mystery & Suspense,102,1993,no,Rowdy Herrington,R,5.8,Rotten,Spilled,32751,14,35,no,no,no,no,no
One Night With the King,Drama,123,2006,no,Michael O. Sajbel,PG,6.3,Rotten,Upright,5704,19,78,no,no,no,no,no
Phil Ochs: There But For Fortune,Musical & Performing Arts,96,2011,no,Kenneth Bowser,Unrated,7.6,Fresh,Upright,318,97,78,no,no,no,no,no
Lethal Weapon 4,Action & Adventure,127,1998,no,Richard Donner,R,6.6,Rotten,Upright,123989,52,64,no,no,no,no,no
101 Dalmatians,Action & Adventure,103,1996,yes,Stephen Herek,G,5.6,Rotten,Spilled,70209,38,40,no,no,no,no,no
Bhutto,Documentary,111,2010,no,Duane Baughman,Unrated,7.8,Fresh,Upright,541,86,88,no,no,no,no,no
Deep Impact,Drama,120,1998,no,Mimi Leder,PG-13,6.1,Rotten,Spilled,132215,48,43,no,no,yes,no,no
Shoot 'Em Up,Drama,86,2007,no,Michael Davis,R,6.7,Fresh,Upright,127458,67,65,no,no,no,no,no
The Room,Drama,99,2003,no,Tommy Wiseau,R,3.5,Rotten,Spilled,27769,35,46,no,no,no,no,no
Made of Honor,Comedy,101,2008,no,Paul Weiland,PG-13,5.8,Rotten,Spilled,52635,14,55,no,no,no,no,no
The Longest Yard,Drama,121,1974,no,Robert Aldrich,R,7.1,Fresh,Upright,12819,81,75,no,no,no,no,no
Dirty Love,Comedy,91,2005,no,John Mallory Asher,R,3.5,Rotten,Upright,6054,4,67,no,no,no,no,no
Berberian Sound Studio,Horror,92,2013,no,Peter Strickland,Unrated,6.2,Certified Fresh,Spilled,9367,84,54,no,no,no,no,no
A Good Old Fashioned Orgy,Comedy,95,2011,no,Alex Gregory,R,6.2,Rotten,Spilled,17798,32,41,no,no,no,no,no
May,Drama,93,2003,no,Lucky McKee,R,6.7,Fresh,Upright,26010,69,75,no,no,no,no,no
Any Day Now,Drama,98,2012,no,Travis Fine,R,7.5,Certified Fresh,Upright,4515,79,76,no,no,no,no,no
Africa: The Serengeti,Documentary,39,1994,no,George Casey,Unrated,7.3,Fresh,Upright,535,100,74,no,no,no,no,no
Grosse Pointe Blank,Drama,107,1997,no,George Armitage,R,7.4,Certified Fresh,Upright,71572,79,87,no,no,no,no,no
Jack and Jill,Comedy,91,2011,no,Dennis Dugan,PG,3.4,Rotten,Spilled,57933,3,37,no,no,yes,no,no
Sherman's March,Documentary,157,1986,no,Ross McElwee,Unrated,7.5,Fresh,Upright,1784,100,86,no,no,no,no,no
"The Ninth Configuration (Twinkle, Twinkle, Killer Kane)",Drama,118,1980,no,William Peter Blatty,R,7.2,Fresh,Upright,3883,70,79,no,no,no,no,no
Mr. & Mrs. Bridge,Drama,126,1990,no,James Ivory,PG-13,6.7,Fresh,Spilled,2282,80,42,no,no,yes,yes,no
Space Jam,Comedy,88,1996,no,Joe Pytka,PG,6.3,Rotten,Upright,105745,36,63,no,no,no,no,no
Spring Breakers,Drama,94,2013,no,Harmony Korine,R,5.3,Fresh,Spilled,104457,66,38,no,no,no,no,no
Fantastic Four: Rise of the Silver Surfer,Action & Adventure,92,2007,no,Tim Story,PG,5.6,Rotten,Spilled,205065,37,51,no,no,no,no,no
The Hangover,Comedy,100,2009,yes,Todd Phillips,R,7.8,Certified Fresh,Upright,562136,79,84,no,no,no,no,no
The Shaggy D.A.,Comedy,91,1976,no,Robert Stevenson,G,5.7,Rotten,Spilled,1778,50,44,no,no,no,no,no
Orca - The Killer Whale,Drama,92,1977,no,Michael Anderson,PG,5.6,Rotten,Spilled,7628,15,33,no,no,no,no,no
Tang shan da xiong (Fists of Fury) (The Big Boss),Drama,100,1972,no,Wei Lo,R,7.1,Fresh,Upright,17934,60,74,no,no,no,no,no
The Story Of Luke,Drama,96,2013,no,Alonso Mayo,Unrated,7.3,Fresh,Upright,2502,80,78,no,no,no,no,no
"New York, New York",Drama,155,1977,no,Martin Scorsese,PG,6.7,Fresh,Spilled,13092,67,59,no,no,yes,yes,yes
Barbarosa,Other,90,1982,no,Fred Schepisi,PG,6.6,Fresh,Upright,1010,100,74,no,no,no,no,no
Sinbad and the Eye of the Tiger,Action & Adventure,113,1977,no,Sam Wanamaker,G,6.3,Fresh,Spilled,4687,63,55,no,no,no,no,no
K-19: The Widowmaker,Drama,138,2002,no,Kathryn Bigelow,PG-13,6.6,Fresh,Spilled,48137,60,52,no,no,no,no,yes
What's Eating Gilbert Grape,Drama,118,1993,no,Lasse Hallstrom,PG-13,7.8,Certified Fresh,Upright,164112,89,89,no,no,no,no,no
Of Mice and Men,Drama,115,1992,no,Gary Sinise,PG-13,7.5,Fresh,Upright,30921,96,82,yes,no,no,no,no
In the Name of the King: A Dungeon Siege Tale,Action & Adventure,127,2006,no,Uwe Boll,PG-13,3.8,Rotten,Spilled,37640,4,22,no,no,no,no,no
Hairspray,Musical & Performing Arts,117,2007,no,Adam Shankman,PG,6.8,Certified Fresh,Upright,95327,91,85,no,no,no,no,no
Godzilla,Mystery & Suspense,123,2014,no,Gareth Edwards,PG-13,6.5,Certified Fresh,Upright,289825,74,66,no,no,no,no,no
The Freshman,Drama,102,1990,no,Andrew Bergman,PG,6.5,Certified Fresh,Upright,15525,93,61,no,no,yes,no,no
The Legend of Hercules,Action & Adventure,99,2014,no,Renny Harlin,PG-13,4.2,Rotten,Spilled,43268,3,33,no,no,no,no,no
North Sea Hijack (ffolkes) (Assault Force),Action & Adventure,100,1980,no,Andrew V. McLaglen,PG,6.3,Rotten,Spilled,3153,33,43,no,no,no,no,no
Texasville,Drama,123,1991,no,Peter Bogdanovich,R,6,Rotten,Spilled,1887,55,50,no,no,yes,no,no
My Baby's Daddy,Comedy,86,2004,no,Cheryl Dunye,PG-13,4.5,Rotten,Spilled,3096,4,49,no,no,no,no,no
Clerks II,Drama,97,2006,no,Kevin Smith,R,7.4,Fresh,Upright,112216,63,84,no,no,no,no,no
White House Down,Drama,131,2013,no,Roland Emmerich,PG-13,6.4,Rotten,Upright,154674,51,62,no,no,yes,no,no
Flesh & Blood (Flesh+Blood) (The Rose and the Sword),Drama,126,1985,no,Paul Verhoeven,R,6.7,Fresh,Upright,12535,79,63,no,no,no,no,no
Bastard out of Carolina,Drama,97,1996,no,Anjelica Huston,R,7.4,Fresh,Upright,3363,100,83,no,no,no,no,no
Red Dawn,Action & Adventure,114,1984,no,John Milius,PG-13,6.3,Rotten,Upright,40659,53,65,no,no,no,no,no
Rescue Dawn,Drama,120,2007,no,Werner Herzog,PG-13,7.4,Certified Fresh,Upright,82378,91,74,no,no,no,no,no
The Longshots,Drama,94,2008,no,Fred Durst,PG,5.1,Rotten,Upright,3135,41,61,no,no,no,no,no
Blind Spot: Hitler's Secretary,Documentary,90,2002,no,Andre Heller,PG,7.3,Certified Fresh,Upright,1489,85,70,no,no,no,no,no
U-Turn,Drama,125,1997,no,Oliver Stone,R,6.8,Rotten,Upright,41385,59,62,no,no,yes,no,yes
Something's Gotta Give,Comedy,128,2003,no,Nancy Meyers,PG-13,6.7,Fresh,Upright,88523,71,69,no,no,yes,yes,no
A Boy and His Dog,Drama,91,1975,no,L.Q. Jones,R,6.6,Fresh,Upright,12221,75,63,no,no,no,no,no
Terror Train,Horror,97,1980,no,Roger Spottiswoode,R,5.9,Rotten,Spilled,6304,36,39,no,no,no,no,no
Leatherface: The Texas Chainsaw Massacre III,Horror,85,1990,no,Jeff Burr,R,5.1,Rotten,Spilled,9565,19,32,no,no,no,no,no
Lorenzo's Oil,Drama,129,1992,no,NA,PG-13,7.2,Fresh,Upright,15913,94,79,no,no,no,yes,no
Groundhog Day,Other,101,1993,no,Harold Ramis,PG,8.1,Certified Fresh,Upright,414687,96,87,no,no,no,no,no
Conviction,Drama,107,2010,no,Tony Goldwyn,R,7.2,Fresh,Upright,33720,67,70,no,no,no,no,no
Kicking It,Documentary,98,2008,no,Jeff Werner,Unrated,7.4,Rotten,Upright,325,53,71,no,no,no,no,no
Vampire Hunter D: Bloodlust,Action & Adventure,103,2001,no,Yoshiaki Kawajiri,R,7.8,Fresh,Upright,22245,72,86,no,no,no,no,no
Bounce,Drama,106,2000,no,Don Roos,PG-13,5.7,Rotten,Spilled,17133,52,33,no,no,no,yes,no
A Mighty Heart,Drama,108,2007,no,Michael Winterbottom,R,6.7,Certified Fresh,Upright,23821,79,70,no,no,no,no,no
Santa Sangre,Drama,123,1990,no,Alejandro Jodorowsky,R,7.7,Fresh,Upright,13285,85,87,no,no,no,no,no
Resident Evil,Action & Adventure,100,2002,no,Paul W.S. Anderson,R,6.7,Rotten,Upright,192052,33,68,no,no,no,no,no
Top Gun,Drama,110,1986,yes,Tony Scott,PG,6.9,Rotten,Upright,211129,54,83,no,no,no,no,no
25th Hour,Drama,135,2003,no,Spike Lee,R,7.7,Certified Fresh,Upright,146518,78,85,no,no,yes,no,no
The Bad News Bears in Breaking Training,Comedy,100,1977,no,Michael Pressman,PG,5.4,Rotten,Spilled,2239,50,39,no,no,no,no,no
Streets of Gold,Drama,95,1986,no,Joe Roth,R,6,Rotten,Spilled,486,31,44,no,no,no,no,no
The Mod Squad,Drama,92,1999,no,Scott Silver,R,4.1,Rotten,Spilled,7658,4,17,no,no,no,no,no
Where the Heart Is,Drama,107,1990,no,John Boorman,R,6.1,Rotten,Spilled,1268,11,58,no,no,no,no,no
Battlefield Earth,Action & Adventure,118,2000,no,Roger Christian,PG-13,2.4,Rotten,Spilled,64119,3,11,no,no,yes,no,no
Osmosis Jones,Comedy,95,2001,no,Bill Murray,PG,6.2,Rotten,Spilled,24678,55,41,no,no,no,no,no
Never Cry Wolf,Drama,105,1983,no,Carroll Ballard,PG,7.6,Fresh,Upright,6114,100,85,no,no,no,no,no
A Good Woman,Drama,93,2006,no,Mike Barker,PG,6.5,Rotten,Spilled,9399,37,49,no,no,no,yes,no
Drive,Drama,100,2011,no,Nicolas Winding Refn,R,7.8,Certified Fresh,Upright,414650,92,79,no,no,no,no,no
2 Days in the Valley,Drama,104,1996,no,John Herzfeld,R,6.5,Fresh,Spilled,15291,60,54,no,no,no,yes,no
Married to It,Drama,112,1993,no,Arthur Hiller,R,5.9,Rotten,Spilled,725,33,41,no,no,no,no,no
Pay It Forward,Drama,123,2000,no,Mimi Leder,PG-13,7.1,Rotten,Upright,93331,40,77,no,no,yes,yes,no
Topsy-Turvy,Drama,154,1999,no,Mike Leigh,R,7.4,Certified Fresh,Upright,9876,89,79,no,no,no,no,no
Beyond the Gates,Drama,115,2005,no,Michael Caton-Jones,R,7.7,Certified Fresh,Upright,9525,84,85,no,no,no,no,no
Top Secret!,Comedy,90,1984,no,David Zucker,PG,7.2,Fresh,Upright,44741,76,80,no,no,no,no,no
Gaza Strip,Documentary,74,2002,no,James Longley,Unrated,7.3,Fresh,Upright,285,78,89,no,no,no,no,no
Night and the City,Drama,105,1992,no,Irwin Winkler,R,5.8,Fresh,Spilled,3673,67,31,no,no,yes,yes,no
Lockout (Unrated),Action & Adventure,95,2012,no,Stephen St. Leger,PG-13,6.1,Rotten,Spilled,79970,38,46,no,no,no,no,no
Orwell Rolls in His Grave,Documentary,84,2003,no,Robert Kane Pappas,Unrated,8.1,Fresh,Upright,1058,79,92,no,no,no,no,no
Sunshine Cleaning,Comedy,91,2009,no,Christine Jeffs,R,6.9,Certified Fresh,Upright,60220,72,62,no,no,no,no,no
The Stupids,Comedy,94,1996,no,John Landis,PG,4.1,Rotten,Spilled,5591,21,36,no,no,no,no,no
Better This World,Documentary,82,2011,no,Kelly Duane,Unrated,7.3,Fresh,Upright,340,100,80,no,no,no,no,no
Wimbledon,Drama,98,2004,no,Richard Loncraine,PG-13,6.3,Fresh,Spilled,50340,60,57,no,no,no,no,no
B. Monkey,Drama,92,1999,no,Michael Radford,R,6,Fresh,Spilled,2934,61,55,no,no,no,no,no
Caveman,Action & Adventure,91,1981,no,Carl Gottlieb,PG,5.7,Rotten,Spilled,5564,24,55,no,no,no,no,no
V for Vendetta,Drama,132,2006,no,James McTeigue,R,8.2,Certified Fresh,Upright,753592,73,90,no,no,no,yes,no
One on One,Drama,98,1977,no,Lamont Johnson,PG,6.4,Fresh,Upright,1141,83,75,no,no,no,no,no
Flesh And Bone,Drama,126,1993,no,Steve Kloves,R,6.2,Fresh,Spilled,3967,67,40,no,no,no,yes,no
Mission: Impossible,Mystery & Suspense,110,1996,yes,Brian DePalma,PG-13,7.1,Fresh,Upright,287476,63,71,no,no,yes,no,no
A Time to Kill,Mystery & Suspense,149,1996,no,Joel Schumacher,R,7.4,Fresh,Upright,94983,67,86,no,no,yes,yes,no
The Color of Money,Other,119,1986,no,Martin Scorsese,R,7,Fresh,Upright,56185,90,73,no,no,yes,no,yes
Knightriders,Drama,146,1981,no,George A. Romero,R,6.4,Fresh,Upright,3138,82,61,no,no,no,no,no
The Company You Keep,Mystery & Suspense,125,2013,no,Robert Redford,R,6.4,Rotten,Spilled,25264,55,45,no,no,no,yes,yes
Madea Goes to Jail,Drama,103,2009,no,Tyler Perry,PG-13,4.1,Rotten,Upright,9424,29,70,no,no,no,no,no
Every Which Way But Loose,Action & Adventure,114,1978,no,James Fargo,PG,6.2,Rotten,Spilled,16681,31,56,no,no,no,no,no
Strictly Business,Drama,83,1991,no,Rolando Hudson,PG-13,5.3,Rotten,Spilled,1308,10,56,no,no,no,no,no
Once,Musical & Performing Arts,85,2007,no,John Carney (V),R,7.9,Certified Fresh,Upright,87215,97,91,no,no,no,no,no
Beverly Hills Cop,Action & Adventure,105,1984,yes,Martin Brest,R,7.3,Certified Fresh,Upright,121245,83,81,no,no,no,no,no
The Raven,Mystery & Suspense,110,2012,no,James McTeigue,R,6.4,Rotten,Spilled,71112,22,46,no,no,no,no,no
Nick and Norah's Infinite Playlist,Comedy,90,2008,no,Peter Sollett,PG-13,6.7,Fresh,Upright,72295,74,65,no,no,no,no,no
Attack of the 50 Foot Woman,Other,90,1993,no,Christopher Guest,R,3.8,Rotten,Spilled,2289,22,21,no,no,no,no,no
The Sum of All Fears,Drama,124,2002,no,Phil Alden Robinson,PG-13,6.4,Rotten,Spilled,84191,59,49,no,no,no,no,no
The Interview,Comedy,112,2014,no,Seth Rogen,R,6.6,Rotten,Spilled,235529,51,48,no,no,no,no,no
Let the Right One In,Drama,115,2008,no,Tomas Alfredson,R,8,Certified Fresh,Upright,168032,98,90,no,no,no,no,no
Volcano,Drama,104,1997,no,Mick Jackson,PG-13,5.4,Rotten,Spilled,56329,44,31,no,no,no,no,no
Nostalgia for the Light,Documentary,90,2011,no,Patricio Guzman,Unrated,7.6,Certified Fresh,Upright,2849,100,84,no,no,no,no,no
Where the Heart Is,Drama,120,2000,no,Matt Williams,PG-13,6.8,Rotten,Upright,26360,35,77,no,no,no,yes,no
The Cake Eaters,Art House & International,86,2007,no,Mary Stuart Masterson,R,6.5,Fresh,Spilled,5762,64,48,no,no,no,no,no
The Darwin Awards,Drama,94,2006,no,Finn Taylor,R,5.9,Rotten,Spilled,8521,25,45,no,no,no,no,no
Kick-Ass 2,Action & Adventure,103,2013,no,Jeff Wadlow,R,6.6,Rotten,Spilled,191935,30,58,no,no,no,no,no
Hotel Terminus: The Life and Times of Klaus Barbie,Documentary,267,1988,no,Marcel Ophuls,Unrated,7.8,Fresh,Upright,872,100,73,no,no,no,no,no
Jade,Drama,95,1995,no,William Friedkin,R,5.1,Rotten,Spilled,8999,14,27,no,no,no,no,yes
Lethal Weapon,Drama,110,1987,no,Richard Donner,R,7.6,Certified Fresh,Upright,184656,84,85,no,no,no,no,no
Closet Land,Mystery & Suspense,89,1991,no,Radha Bharadwaj,R,7.2,Rotten,Upright,2098,44,86,no,no,no,no,no
Cast Away,Drama,143,2000,yes,Robert Zemeckis,PG-13,7.7,Certified Fresh,Upright,375820,90,83,no,no,yes,yes,yes
Crocodile Dundee in Los Angeles,Action & Adventure,92,2001,no,Simon Wincer,PG,4.8,Rotten,Spilled,19187,11,25,no,no,no,no,no
Motorama,Drama,90,1992,no,Barry Shils,R,6.4,Fresh,Upright,1406,60,61,no,no,no,no,no
Lost and Delirious,Drama,103,2001,no,Lea Pool,R,7,Rotten,Upright,16755,51,78,no,no,no,no,no
Antiviral,Drama,108,2013,no,Brandon Cronenberg,Unrated,5.6,Fresh,Spilled,9003,64,40,no,no,no,no,no
Class Action,Mystery & Suspense,110,1991,no,Michael Apted,R,6.3,Fresh,Spilled,5014,75,51,no,no,yes,no,no
The Pit and the Pendulum,Horror,97,1991,no,Stuart Gordon,R,6.1,Rotten,Spilled,2818,56,40,no,no,no,no,no
Man on Wire,Documentary,94,2008,no,James Marsh,PG-13,7.9,Certified Fresh,Upright,38076,100,87,no,no,no,no,no
Madagascar: Escape 2 Africa,Action & Adventure,89,2008,no,Tom McGrath,PG,6.7,Fresh,Upright,137405,64,66,no,no,no,no,no
Failure to Launch,Drama,97,2006,no,Tom Dey,PG-13,5.6,Rotten,Spilled,56361,24,52,no,no,yes,no,no
London to Brighton,Mystery & Suspense,85,2008,no,Paul Andrew Williams,R,7,Fresh,Upright,7244,67,75,no,no,no,no,no
A Stranger Among Us,Drama,110,1992,no,Sidney Lumet,PG-13,5.7,Rotten,Spilled,2701,23,40,no,no,no,no,no
Van Wilder: The Rise of Taj (Van Wilder 2),Comedy,97,2006,no,Mort Nathan,R,4.8,Rotten,Spilled,18712,7,38,no,no,no,no,no
The Human Stain,Mystery & Suspense,106,2003,no,Robert Benton,R,6.3,Rotten,Spilled,25054,43,49,no,no,yes,yes,yes
Woo,Comedy,84,1998,no,Tommy Davidson,R,3.8,Rotten,Upright,1510,10,63,no,no,no,no,no
The Black Stallion,Action & Adventure,118,1979,no,Carroll Ballard,G,7.4,Fresh,Upright,8544,88,83,no,no,no,no,no
Savior,Drama,103,1998,no,Predrag Antonijevic,R,7.3,Rotten,Upright,8561,56,81,no,no,no,no,no
Project X,Drama,88,2012,no,Jonathan Kaplan,R,6.7,Rotten,Upright,151934,28,61,no,no,no,no,no
Bottle Rocket,Drama,91,1996,no,Wes Anderson,R,7.1,Certified Fresh,Upright,52449,85,80,no,no,no,no,no
At First Sight,Drama,128,1999,no,Irwin Winkler,PG-13,5.9,Rotten,Spilled,11001,32,46,no,no,no,no,no
Session 9,Drama,100,2001,no,Brad Anderson,R,6.5,Fresh,Upright,42613,63,64,no,no,no,no,no
Liz & Dick,Drama,88,2012,no,Lloyd Kramer,Unrated,4.1,Rotten,Spilled,3505,33,19,no,no,no,no,no
The Devil's Rejects,Horror,107,2005,no,Rob Zombie,R,6.9,Rotten,Upright,74294,53,78,no,no,no,no,no
Surviving Progress,Documentary,86,2012,no,Mathieu Roy,G,7.5,Fresh,Upright,1480,75,80,no,no,no,no,no
The Squeeze,Action & Adventure,101,1987,no,Roger Young,PG-13,4.5,Rotten,Spilled,703,17,33,no,no,no,no,no
Kindergarten Cop,Action & Adventure,111,1990,no,Ivan Reitman,PG-13,6,Rotten,Spilled,103789,51,51,no,no,no,no,no
In the Loop,Art House & International,106,2009,no,Armando Iannucci,Unrated,7.5,Certified Fresh,Upright,42842,94,81,no,no,no,no,no
Cypher,Action & Adventure,95,2002,no,Vincenzo Natali,R,6.8,Rotten,Upright,26731,58,65,no,no,no,no,no
Love and Death,Drama,85,1975,no,Woody Allen,PG,7.8,Fresh,Upright,26628,100,90,no,no,no,yes,yes
Happy Gilmore,Comedy,92,1996,no,Dennis Dugan,PG-13,7,Fresh,Upright,149437,60,85,no,no,no,no,no
Catch a Fire,Drama,101,2006,no,Phillip Noyce,PG-13,6.7,Certified Fresh,Upright,9291,76,71,no,no,no,no,no
Run Lola Run,Drama,81,1999,no,Tom Tykwer,R,7.8,Certified Fresh,Upright,157701,93,90,no,no,no,no,no
Funny Farm,Comedy,101,1988,no,George Roy Hill,PG,6.1,Fresh,Spilled,14901,67,50,no,no,no,no,yes
Winter Kills,Mystery & Suspense,97,1977,no,William Richert,R,6.4,Fresh,Spilled,1361,86,51,no,no,yes,no,no
Waking Life,Drama,99,2001,no,Richard Linklater,R,7.8,Certified Fresh,Upright,47065,80,87,no,no,no,no,no
An Ideal Husband,Comedy,97,1999,no,Oliver Parker,PG-13,6.9,Certified Fresh,Upright,12606,85,69,no,no,no,yes,no
Being John Malkovich,Drama,112,1999,no,Spike Jonze,R,7.8,Certified Fresh,Upright,246587,93,87,no,no,no,no,no
Secondhand Lions,Drama,111,2003,no,Tim McCanlies,PG,7.6,Rotten,Upright,42208,59,84,no,no,yes,no,no
Politiki Kouzina (A Touch of Spice),Drama,108,2003,no,Tassos Boulmetis,Unrated,7.6,Rotten,Upright,9216,31,86,no,no,no,no,no
Hellboy II: The Golden Army (Hellboy 2),Action & Adventure,120,2008,no,Guillermo del Toro,PG-13,7,Certified Fresh,Upright,201787,85,71,no,no,no,no,no
The Return of the Pink Panther,Mystery & Suspense,113,1975,no,Blake Edwards,G,7.1,Fresh,Upright,19000,89,82,no,no,no,no,no
Love the Beast,Documentary,92,2009,no,Eric Bana,R,7.5,Fresh,Upright,1799,61,72,no,no,no,no,no
200 Cigarettes,Drama,101,1999,no,Risa Bramon Garcia,R,5.9,Rotten,Spilled,12877,28,59,no,no,no,no,no
The Wild Geese,Drama,134,1978,no,Andrew V. McLaglen,R,6.8,Fresh,Upright,9025,60,76,no,no,no,no,no
The Slumber Party Massacre,Horror,77,1982,no,Amy Holden Jones,R,5.7,Rotten,Spilled,5985,36,45,no,no,no,no,no
Oliver & Company,Animation,74,1988,no,George Scribner,G,6.7,Rotten,Upright,30886,43,63,no,no,no,no,no
No Mercy,Drama,106,1986,no,Richard Pearce,R,5.6,Rotten,Spilled,4970,21,29,no,no,no,no,no
Imagining Argentina,Art House & International,107,2004,no,Christopher Hampton,R,6.3,Rotten,Upright,2732,33,72,no,no,no,yes,no
Good Boy!,Comedy,87,2003,no,John Robert Hoffman,PG,5.1,Rotten,Spilled,3336,44,40,no,no,no,no,no
Speed,Mystery & Suspense,116,1994,no,Jan de Bont,R,7.2,Certified Fresh,Upright,252661,93,76,no,no,no,yes,no
Me and You and Everyone We Know,Drama,91,2005,no,Miranda July,R,7.4,Certified Fresh,Upright,30641,81,84,no,no,no,no,no
Henry: Portrait of a Serial Killer,Drama,83,1986,no,John McNaughton,NC-17,7,Certified Fresh,Upright,22601,86,71,no,no,no,no,no
Someone to Watch over Me,Drama,106,1987,no,Ridley Scott,R,6.1,Fresh,Spilled,7076,76,42,no,no,no,no,no
Grease,Other,110,1978,yes,Randal Kleiser,PG,7.2,Certified Fresh,Upright,161601,78,88,no,no,no,no,no
28 Days Later,Science Fiction & Fantasy,113,2003,no,Danny Boyle,R,7.6,Certified Fresh,Upright,285328,87,85,no,no,no,no,yes
Normal,Drama,110,2003,no,Jane Anderson,Unrated,7.3,Fresh,Upright,2598,100,75,no,no,no,yes,no
Winter's Bone,Drama,100,2010,no,Debra Granik,R,7.2,Certified Fresh,Upright,108598,94,76,yes,no,no,yes,no
Your Sister's Sister,Drama,90,2012,no,Lynn Shelton,R,6.7,Certified Fresh,Upright,20655,83,66,no,no,no,no,no
Sleepover,Comedy,89,2004,no,Joe Nussbaum,PG,5.3,Rotten,Spilled,12322,15,55,no,no,no,no,no
The Kingdom,Drama,110,2007,no,Peter Berg,R,7.1,Rotten,Upright,99192,51,76,no,no,yes,no,no
House on Haunted Hill,Mystery & Suspense,93,1999,no,William Malone,R,5.6,Rotten,Spilled,44257,28,42,no,no,yes,no,no
Patch Adams,Drama,115,1998,no,Tom Shadyac,PG-13,6.7,Rotten,Upright,77762,22,74,no,no,yes,no,no
Harry Potter and the Chamber of Secrets,Science Fiction & Fantasy,161,2002,yes,Chris Columbus,PG,7.4,Certified Fresh,Upright,368799,82,79,no,no,no,no,no
The Heavenly Kid,Drama,90,1985,no,Cary Medoway,PG-13,6.2,Rotten,Upright,2830,25,64,no,no,no,no,no
Snow Flower And The Secret Fan,Art House & International,104,2011,no,Wayne Wang,PG-13,6,Rotten,Spilled,2960,21,48,no,no,no,no,no
Apollo 18,Science Fiction & Fantasy,86,2011,no,Gonzalo Lopez-Gallego,PG-13,5.2,Rotten,Spilled,46233,24,23,no,no,no,no,no
Total Eclipse,Art House & International,111,1995,no,Agnieszka Holland,R,6.5,Rotten,Upright,9980,25,61,no,no,no,no,no
Hoodlum,Drama,130,1997,no,Bill Duke,R,6.2,Rotten,Upright,8016,45,66,no,no,no,no,no
National Security,Drama,88,2003,no,Dennis Dugan,PG-13,5.6,Rotten,Spilled,37938,11,45,no,no,no,no,no
Down in the Valley,Other,108,2006,no,David Jacobson,R,6.5,Rotten,Spilled,16480,52,54,no,no,no,no,no
Young Adult,Drama,94,2011,no,Jason Reitman,R,6.3,Certified Fresh,Spilled,63219,80,49,no,no,no,yes,no
The Man Who Sued God,Drama,97,2001,no,Mark Joffe,R,6.5,Fresh,Spilled,4251,71,59,no,no,no,no,no
Compliance,Drama,90,2012,no,Craig Zobel,R,6.4,Certified Fresh,Upright,23697,89,60,no,no,no,no,no
I Spit On Your Grave,Horror,108,2010,no,Steven R. Monroe,R,6.3,Rotten,Spilled,53675,34,48,no,no,no,no,no
Maniac,Drama,87,1980,no,William Lustig,R,6.5,Rotten,Spilled,9787,43,58,no,no,no,no,no
Dog Park,Comedy,91,1998,no,Bruce McCulloch,R,5.1,Rotten,Spilled,1978,36,28,no,no,no,no,no
The Brothers Solomon,Comedy,93,2007,no,Bob Odenkirk,R,5.3,Rotten,Spilled,9370,15,31,no,no,no,no,no
Maurice,Drama,140,1987,no,James Ivory,R,7.8,Fresh,Upright,10380,91,87,no,no,no,no,no
The Last Boy Scout,Drama,105,1991,no,Tony Scott,R,6.9,Rotten,Upright,73280,42,68,no,no,no,no,no
Alligator,Science Fiction & Fantasy,91,1980,no,Lewis Teague,R,5.9,Fresh,Spilled,7656,67,47,no,no,no,no,no
Jennifer 8,Mystery & Suspense,124,1992,no,Bruce Robinson,R,6.2,Rotten,Spilled,11855,39,37,no,no,no,no,no
RoboCop,Drama,102,1987,no,Paul Verhoeven,R,7.5,Certified Fresh,Upright,172765,88,83,no,no,no,no,no
The Football Factory,Documentary,91,2004,no,Nick Love,R,6.9,Rotten,Upright,23201,20,84,no,no,no,no,no
Bamboozled,Drama,135,2000,no,Spike Lee,R,6.4,Rotten,Upright,8604,48,74,no,no,no,no,no
The Sure Thing,Comedy,100,1985,no,Rob Reiner,PG-13,7,Fresh,Upright,14949,87,79,no,no,no,no,no
The Slaughter Rule,Drama,112,2002,no,Alex Smith,R,6.1,Fresh,Spilled,1995,73,44,no,no,no,no,no
Rise of the Footsoldier,Action & Adventure,119,2007,no,Julian Gilbey,R,6.9,Rotten,Upright,15806,14,84,no,no,no,no,no
Hollywood Homicide,Action & Adventure,116,2003,no,Ron Shelton,PG-13,5.3,Rotten,Spilled,30694,30,27,no,no,no,no,no
Morning Glory,Comedy,107,2010,no,Roger Michell,PG-13,6.5,Rotten,Spilled,56888,56,51,no,no,no,yes,no
11'09''01 - September 11,Drama,134,2002,no,Samira Makhmalbaf,Unrated,7,Certified Fresh,Upright,4821,78,64,no,no,yes,no,no
Clownhouse,Horror,81,1989,no,Victor Salva,R,5.8,Rotten,Spilled,3145,40,41,no,no,no,no,no
Rampart,Drama,108,2012,no,Oren Moverman,R,5.8,Certified Fresh,Spilled,19115,74,35,no,no,no,no,no
Cashback,Drama,102,2007,no,Sean Ellis,R,7.2,Rotten,Upright,70994,46,78,no,no,no,no,no
The Host,Drama,120,2007,no,Bong Joon-ho,R,7,Certified Fresh,Upright,66233,92,72,no,no,no,no,no
Aspen Extreme,Drama,113,1993,no,Patrick Hasburgh,PG-13,5.8,Rotten,Upright,2295,22,66,no,no,no,no,no
Nomads,Drama,91,1986,no,John McTiernan,R,5.5,Rotten,Spilled,2698,13,37,no,no,no,no,no
Deconstructing Harry,Comedy,96,1997,no,Woody Allen,R,7.4,Fresh,Upright,34652,71,82,no,no,no,no,yes
The End of America,Documentary,NA,2008,no,Anne Sundberg,Unrated,7.5,Fresh,Upright,739,80,72,no,no,no,no,no
Hot Shots! Part Deux,Action & Adventure,86,1993,no,Jim Abrahams,PG-13,6.6,Rotten,Upright,64489,59,63,no,no,no,no,no
Control,Musical & Performing Arts,122,2007,no,Hanne Myren,R,7.8,Certified Fresh,Upright,49985,87,89,no,no,no,no,no
Lassie,Action & Adventure,94,1994,no,Daniel Petrie,PG,5.8,Fresh,Spilled,3649,87,56,no,no,no,no,no
What Richard Did,Drama,88,2013,no,Lenny Abrahamson,Unrated,6.3,Fresh,Upright,3359,93,62,no,no,no,no,no
Emperor,Mystery & Suspense,105,2013,no,Peter Webber,PG-13,6.5,Rotten,Spilled,10020,31,46,no,no,no,no,no
Hereafter,Mystery & Suspense,129,2010,no,Clint Eastwood,PG-13,6.5,Rotten,Spilled,78726,46,38,no,no,no,no,yes
Aladdin,Action & Adventure,90,1992,yes,John Musker,G,8,Certified Fresh,Upright,246907,94,92,no,no,no,no,no
The King of Comedy,Drama,109,1983,no,Martin Scorsese,PG,7.8,Certified Fresh,Upright,49374,89,89,no,no,yes,no,yes
Bound,Mystery & Suspense,108,1996,no,Larry Wachowski,R,7.4,Fresh,Upright,40001,92,82,no,no,no,no,no
The Pact,Horror,89,2012,no,Nicholas McCarthy,R,5.8,Fresh,Spilled,18670,65,41,no,no,no,no,no
Electric Dreams,Drama,95,1984,no,Steve Barron,PG,6.5,Rotten,Upright,5149,47,72,no,no,no,no,no
Bull Durham,Drama,108,1988,no,Ron Shelton,R,7.1,Certified Fresh,Upright,35577,97,83,no,no,no,yes,no
Man on Wire,Documentary,94,2008,no,James Marsh,PG-13,7.9,Certified Fresh,Upright,38076,100,87,no,no,no,no,no
Epic Movie,Action & Adventure,86,2007,no,Aaron Seltzer,R,2.3,Rotten,Spilled,87652,2,29,no,no,no,no,no
Below,Mystery & Suspense,105,2002,no,David Twohy,R,6.2,Fresh,Spilled,17329,63,45,no,no,no,no,no
The Captive,Mystery & Suspense,112,2014,no,Atom Egoyan,R,5.9,Rotten,Spilled,16511,31,34,no,no,no,no,no
The Saddest Music in the World,Drama,100,2004,no,Guy Maddin,R,7.2,Certified Fresh,Upright,5002,78,79,no,no,no,no,no
"The Godfather, Part II",Mystery & Suspense,202,1974,no,Francis Ford Coppola,R,9,Certified Fresh,Upright,749783,97,97,yes,yes,yes,yes,yes
Phantom of the Paradise,Horror,92,1974,no,Brian DePalma,PG,7.4,Fresh,Upright,10599,95,84,no,no,no,no,no
Twenty Bucks,Drama,91,1993,no,Keva Rosenfeld,R,6.4,Fresh,Upright,3101,75,63,no,no,no,no,no
Alaska,Action & Adventure,109,1996,no,Fraser Clarke Heston,PG,5.7,Rotten,Spilled,4180,18,44,no,no,yes,no,no
Running on Empty,Musical & Performing Arts,116,1988,no,Sidney Lumet,PG-13,7.7,Fresh,Upright,9904,85,68,no,no,no,no,no
Godzilla Vs Mechagodzilla,Art House & International,84,1974,no,Jun Fukuda,PG,6.3,Fresh,Upright,3428,67,61,no,no,no,no,no
49 Up,Documentary,180,2006,no,Michael Apted,Unrated,8.2,Certified Fresh,Upright,2056,95,86,no,no,no,no,no
This is 40,Comedy,134,2012,no,Judd Apatow,R,6.2,Rotten,Spilled,100447,51,50,no,no,no,no,no
Fair Game,Drama,108,2010,no,Doug Liman,PG-13,6.8,Certified Fresh,Upright,37506,79,65,no,no,yes,no,no
Hercules,Action & Adventure,98,2014,no,Brett Ratner,PG-13,6,Fresh,Spilled,109633,60,49,no,no,no,no,no
Max Manus: Man of War,Drama,118,2010,no,Joachim Roenning,Unrated,7.3,Fresh,Upright,21443,80,83,no,no,no,no,no
Curdled,Drama,88,1996,no,Reb Braddock,R,5.9,Rotten,Spilled,4031,17,57,no,no,no,no,no
The Omen,Mystery & Suspense,110,2006,no,John Moore,R,5.5,Rotten,Spilled,47692,27,40,no,no,no,no,no
A Night at the Roxbury,Comedy,82,1998,no,Amy Heckerling,PG-13,6.2,Rotten,Upright,47343,11,69,no,no,no,no,no
Tank Girl,Action & Adventure,104,1995,no,Rachel Talalay,R,5.2,Rotten,Upright,24084,38,63,no,no,no,no,no
Missing,Mystery & Suspense,122,1982,no,Costa-Gavras,PG,7.8,Fresh,Upright,13215,96,85,yes,no,yes,yes,no
Point Break,Mystery & Suspense,122,1991,no,Kathryn Bigelow,R,7.2,Fresh,Upright,105982,68,79,no,no,no,no,yes
Shall We Dance,Drama,106,2004,no,Peter Chelsom,PG-13,6.1,Rotten,Spilled,34461,46,57,no,no,no,yes,no
Malibu's Most Wanted,Comedy,86,2003,no,John Whitesell,PG-13,5.1,Rotten,Spilled,15714,31,53,no,no,no,no,no
The Evening Star,Drama,129,1996,no,Robert Harling,PG-13,5.8,Rotten,Upright,3358,23,65,no,no,no,yes,no
Cloud Atlas,Drama,172,2012,no,Tom Tykwer,R,7.5,Fresh,Upright,275125,66,66,no,no,yes,yes,no
Fire Down Below,Action & Adventure,105,1997,no,Harry Dean Stanton,R,4.9,Rotten,Spilled,13280,11,35,no,no,no,no,no
The Five Heartbeats,Musical & Performing Arts,121,1991,no,Robert Townsend,R,7.5,Rotten,Upright,2551,38,95,no,no,no,no,no
Porky's Revenge,Art House & International,92,1985,no,James Komack,R,4.6,Rotten,Spilled,5863,27,33,no,no,no,no,no
Disaster Movie,Comedy,87,2008,no,Aaron Seltzer,PG-13,1.9,Rotten,Spilled,73219,1,19,no,no,no,no,no
Teen Wolf Too,Science Fiction & Fantasy,95,1987,no,Christopher Leitch,PG,3.1,Rotten,Spilled,8319,7,17,no,no,no,no,no
The Fighter,Other,116,2010,no,David O. Russell,R,7.9,Certified Fresh,Upright,265725,90,89,yes,no,no,no,no
A Little Romance,Drama,110,1979,no,George Roy Hill,PG,7.5,Fresh,Upright,3859,72,86,no,no,yes,no,yes
First Knight,Drama,134,1995,no,Jerry Zucker,PG-13,5.9,Rotten,Spilled,53535,47,55,no,no,no,no,no
Tabloid,Documentary,87,2011,no,Errol Morris,R,7.1,Certified Fresh,Upright,4907,91,72,no,no,no,no,no
The Hurt Locker,Drama,131,2009,no,Kathryn Bigelow,R,7.6,Certified Fresh,Upright,318019,98,84,no,yes,no,no,yes
Benda Bilili!,Documentary,85,2011,no,Florent de la Tullaye,PG-13,7.5,Fresh,Upright,679,93,82,no,no,no,no,no
Memento,Mystery & Suspense,113,2000,no,Christopher Nolan,R,8.5,Certified Fresh,Upright,806911,92,94,no,no,no,no,no
A Prayer for the Dying,Drama,107,1987,no,Mike Hodges,R,6.4,Fresh,Spilled,3342,63,55,no,no,no,no,no
Jonestown: The Life and Death of Peoples Temple,Documentary,86,2006,no,Stanley Nelson,Unrated,7.9,Certified Fresh,Upright,3649,94,88,no,no,no,no,no
So I Married an Axe Murderer,Comedy,93,1993,no,Thomas Schlamme,PG-13,6.4,Rotten,Upright,27417,55,68,no,no,no,no,no
Ziggy Stardust and the Spiders from Mars,Documentary,90,1973,no,D.A. Pennebaker,PG,7.5,Fresh,Upright,1815,71,89,no,no,no,no,no
Conversations With Other Women,Drama,84,2006,no,Hans Canosa,R,7.1,Fresh,Upright,9939,74,76,no,no,no,no,no
Sleepwalking,Drama,101,2008,no,Bill Maher,R,6.2,Rotten,Spilled,4857,17,43,no,no,no,yes,no
"Next Stop, Greenwich Village",Drama,111,1976,no,Paul Mazursky,R,6.9,Fresh,Upright,1428,73,62,no,no,no,no,no
Dream House,Mystery & Suspense,92,2011,no,Jim Sheridan,PG-13,5.9,Rotten,Spilled,44248,6,36,no,no,no,no,no
Resurrecting the Champ,Drama,112,2007,no,Rod Lurie,PG-13,6.8,Fresh,Upright,18141,60,60,no,no,no,no,no
The Help,Drama,146,2011,no,Tate Taylor,PG-13,8.1,Certified Fresh,Upright,303529,76,89,yes,no,no,no,no
A Scanner Darkly,Drama,100,2006,no,Richard Linklater,R,7.1,Fresh,Upright,86953,69,74,no,no,no,no,no
Hard Candy,Drama,104,2006,no,David Slade,R,7.1,Fresh,Upright,128361,68,78,no,no,no,no,no
This Is the End,Drama,107,2013,no,Seth Rogen,R,6.7,Certified Fresh,Upright,297034,83,71,no,no,no,no,no
Longtime Companion,Drama,96,1990,no,Norman Rene,R,7.6,Fresh,Upright,4143,100,82,no,no,no,no,no
The Last Lions,Documentary,88,2011,no,Dereck Joubert,PG,8.4,Fresh,Upright,3128,87,89,no,no,yes,no,no
"Aguirre, der Zorn Gottes (Aguirre, the Wrath of God)",Drama,93,1972,no,Werner Herzog,R,8,Fresh,Upright,36909,98,91,no,no,no,no,no
The Main Event,Other,112,1979,no,Howard Zieff,PG,5.8,Rotten,Spilled,1816,38,44,no,no,no,no,no
Inserts,Drama,117,1975,no,John Byrum,NC-17,6.4,Fresh,Spilled,1043,80,56,no,no,yes,no,no
Star Trek: Insurrection,Action & Adventure,103,1998,no,Jonathan Frakes,PG,6.4,Rotten,Spilled,54829,55,45,no,no,no,no,no
Valmont,Drama,137,1989,no,Milos Forman,R,7,Rotten,Upright,9725,54,70,no,no,yes,no,no
Kill Bill: Volume 2,Drama,137,2004,no,Quentin Tarantino,R,8,Certified Fresh,Upright,490295,84,89,no,no,no,no,no
8 Heads in a Duffel Bag,Comedy,95,1997,no,Tom Schulman,R,5.2,Rotten,Spilled,7881,11,35,no,no,no,no,no
Meteor,Drama,108,1979,no,Ronald Neame,PG,4.9,Rotten,Spilled,5136,5,13,no,no,no,no,no
Dance Flick,Action & Adventure,83,2009,no,Damien Wayans,PG-13,3.5,Rotten,Spilled,10055,18,30,no,no,no,no,no
Stolen Summer,Drama,91,2002,no,Pete Jones,PG,6.5,Rotten,Upright,2408,36,68,no,no,no,no,no
1941,Action & Adventure,118,1979,no,Steven Spielberg,PG,5.9,Rotten,Spilled,24472,32,49,no,no,no,no,yes
Underworld: The Rise of the Lycans,Action & Adventure,92,2009,no,Patrick Tatopoulos,R,6.6,Rotten,Upright,115026,29,63,no,no,no,no,no
After Innocence,Documentary,95,2005,no,Jessica Sanders,Unrated,7.8,Certified Fresh,Upright,651,91,81,no,no,no,no,no
Tim and Eric's Billion Dollar Movie,Comedy,93,2012,no,Tim Heidecker,R,5.3,Rotten,Spilled,7710,38,47,no,no,no,no,no
Mr. Jones,Drama,114,1993,no,Mike Figgis,R,5.7,Rotten,Spilled,5425,46,51,no,no,no,yes,no
Goin' South,Other,105,1978,no,Jack Nicholson,PG,6.3,Fresh,Spilled,4550,71,50,no,no,yes,no,no
Russian Dolls (Les Poupees Russes),Other,125,2006,no,Cedric Klapisch,Unrated,7,Fresh,Upright,16262,72,78,no,no,no,no,no
My Flesh and Blood,Documentary,83,2003,no,Jonathan Karsh,Unrated,8.4,Fresh,Upright,1571,90,93,no,no,no,no,no
Revenge of the Nerds II: Nerds in Paradise,Comedy,88,1987,no,Joe Roth,PG-13,4.9,Rotten,Spilled,10271,8,35,no,no,no,no,no
Hulk,Action & Adventure,138,2003,no,Ang Lee,PG-13,5.7,Fresh,Spilled,204042,61,29,no,no,no,no,yes
Vampire in Brooklyn,Horror,100,1995,no,Wes Craven,R,4.5,Rotten,Spilled,16824,10,31,no,no,no,no,no
George Washington,Art House & International,89,2000,no,David Green,Unrated,7.5,Certified Fresh,Upright,6061,84,85,no,no,no,no,no
Agent Cody Banks 2: Destination London,Action & Adventure,100,2004,no,Kevin Allen,PG,4.5,Rotten,Spilled,10651,13,31,no,no,no,no,no
Into The Arms Of Strangers - Stories Of The Kindertransport,Documentary,122,2000,no,Mark Jonathan Harris,PG,7.9,Fresh,Upright,1346,94,85,no,no,no,no,no
The Take,Drama,96,2007,no,Brad Furman,R,5.8,Fresh,Spilled,1886,85,49,no,no,no,no,no
A Star is Born,Drama,139,1976,no,Frank R. Pierson,R,6.5,Rotten,Upright,4874,31,69,yes,no,no,yes,no
The Belly of an Architect,Drama,119,1987,no,Peter Greenaway,R,7,Fresh,Upright,4121,91,80,no,no,no,no,no
Veronica Mars,Drama,107,2014,no,Rob Thomas (III),PG-13,6.8,Certified Fresh,Upright,40133,78,79,no,no,no,no,no
Kaena: The Prophecy,Action & Adventure,85,2004,no,Chris Delaporte,PG-13,6.2,Rotten,Spilled,3416,7,43,no,no,no,no,no
Ghost Ship,Horror,91,2002,no,Steve Beck,R,5.5,Rotten,Spilled,73617,14,37,no,no,no,no,no
21 Grams,Drama,124,2003,no,Alejandro Gonzalez Inarritu,R,7.7,Certified Fresh,Upright,183747,80,86,no,no,yes,no,yes
Date Night,Comedy,88,2010,no,Shawn Levy,PG-13,6.3,Fresh,Spilled,123588,67,55,no,no,no,no,no
Anchorman 2: The Legend Continues,Comedy,119,2013,no,Adam McKay,PG-13,6.3,Certified Fresh,Spilled,124250,75,52,no,no,no,no,no
Thunderheart,Drama,119,1992,no,Michael Apted,R,6.8,Fresh,Upright,11103,87,75,no,no,no,no,no
Guess Who,Comedy,105,2005,no,Ashton Kutcher,PG-13,5.9,Rotten,Spilled,33040,43,49,no,no,no,no,no
Brubaker,Drama,131,1980,no,Stuart Rosenberg,R,7.1,Fresh,Upright,11236,75,74,no,no,no,no,no
Jagged Edge,Mystery & Suspense,108,1985,no,Richard Marquand,R,6.4,Fresh,Spilled,9946,82,58,no,no,yes,no,no
The Last Remake of Beau Geste,Action & Adventure,85,1977,no,Marty Feldman,PG,6,Rotten,Upright,1680,33,65,no,no,no,no,no
Melancholia,Drama,130,2011,no,Lars von Trier,R,7.1,Certified Fresh,Upright,122980,79,67,no,no,no,no,no
Boomerang,Comedy,117,1992,no,Reginald Hudlin,R,5.4,Rotten,Upright,19603,40,60,no,no,no,yes,no
The Ritz,Art House & International,91,1976,no,Richard Lester,R,7.8,Rotten,Upright,1663,40,83,no,no,no,no,no
The Man with the Golden Gun,Drama,125,1974,no,Guy Hamilton,PG,6.8,Rotten,Spilled,71141,45,57,no,no,no,no,no
Hellraiser - Bloodline,Science Fiction & Fantasy,85,1996,no,Joe Chappelle,R,5,Rotten,Spilled,13790,25,37,no,no,no,no,no
The Butcher's Wife,Other,107,1991,no,Terry Hughes,PG-13,5.3,Rotten,Spilled,5374,21,29,no,no,no,yes,no
Diner,Drama,110,1982,no,Barry Levinson,R,7.2,Fresh,Upright,14589,91,78,no,no,no,no,yes
Cecil B. Demented,Comedy,87,2000,no,John Waters,R,6.2,Rotten,Upright,11259,53,67,no,no,no,no,no
Ragtime,Drama,155,1981,no,Milos Forman,PG,7.3,Fresh,Upright,6472,90,76,no,no,yes,no,no
One Day,Drama,107,2011,no,Lone Scherfig,PG-13,7,Rotten,Spilled,100416,36,49,no,no,no,no,no
Rambling Rose,Drama,112,1991,no,Martha Coolidge,R,6.7,Fresh,Spilled,3866,100,51,no,no,yes,no,no
Cameraman: The Life And Work Of Jack Cardiff,Documentary,86,2011,no,Craig McCall,Unrated,7.8,Fresh,Upright,872,96,92,no,no,yes,no,no
I Am Bruce Lee,Documentary,94,2012,no,Pete McCormack,Unrated,7.5,Fresh,Upright,2928,67,78,no,no,no,no,no
Let It Be,Documentary,81,1970,no,Michael Lindsay-Hogg,G,7.9,Fresh,Upright,3887,82,87,no,no,no,no,no
The Groove Tube,Other,75,1974,no,Ken Shapiro,R,5.9,Rotten,Upright,1607,13,60,no,no,no,no,no
Brighton Rock,Mystery & Suspense,111,2011,no,Rowan Joffe,R,5.8,Rotten,Spilled,4904,51,32,no,no,no,yes,no
The Disappearance of Alice Creed,Mystery & Suspense,96,2010,no,J Blakeson,R,6.8,Certified Fresh,Upright,19937,82,67,no,no,no,no,no
Sgt. Bilko,Comedy,93,1996,no,Jonathan Lynn,PG,5.7,Rotten,Spilled,17384,32,47,no,no,no,no,no
One Night at McCool's,Comedy,93,2001,no,Harald Zwart,R,6.1,Rotten,Spilled,25683,33,39,no,no,yes,no,no
V.I. Warshawski,Drama,89,1991,no,Jeff Kanew,R,4.8,Rotten,Spilled,3883,17,24,no,no,no,no,no
Glory,Drama,122,1989,no,Edward Zwick,R,7.9,Certified Fresh,Upright,99582,93,93,no,no,yes,no,no
Carnosaur,Horror,83,1993,no,Adam Simon,R,3.4,Rotten,Spilled,2959,11,24,no,no,no,no,no
The Ninth Gate,Mystery & Suspense,133,1999,no,NA,R,6.7,Rotten,Spilled,134031,41,57,no,no,no,no,no
New York Minute,Action & Adventure,91,2004,no,Dennie Gordon,PG,4.8,Rotten,Spilled,17190,11,47,no,no,no,no,no
Blue Valentine,Drama,112,2010,no,Andrij Parekh,R,7.4,Certified Fresh,Upright,135840,88,77,no,no,no,no,no
The Jazz Singer,Musical & Performing Arts,115,1980,no,Ralph Thomas,PG,5.7,Rotten,Upright,2897,15,72,no,no,yes,no,no
The Other Sister,Drama,129,1999,no,Garry Marshall,PG-13,6.4,Rotten,Upright,10126,29,72,no,no,no,yes,no
The Astronaut Farmer,Drama,104,2006,no,Michael Polish,PG,6.3,Rotten,Spilled,19383,57,49,no,no,no,no,no
Modigliani,Art House & International,128,2004,no,Mick Davis,R,7.4,Rotten,Upright,8030,4,78,no,no,no,no,no
Inbred,Art House & International,90,2011,no,Alex Chandon,R,5.3,Rotten,Spilled,3461,13,29,no,no,no,no,no
Pooh's Heffalump Movie,Animation,68,2005,no,Frank Nissen,G,6.4,Certified Fresh,Upright,3970,79,70,no,no,no,no,no
Good Will Hunting,Drama,126,1997,no,Gus Van Sant,R,8.3,Certified Fresh,Upright,572236,97,94,yes,no,no,no,no
Town & Country,Drama,104,2000,no,Boris Damast,R,4.3,Rotten,Spilled,4072,13,14,no,no,no,yes,no
Happy Feet,Animation,108,2006,no,George Miller,PG,6.5,Certified Fresh,Upright,126257,75,70,no,no,no,yes,no
Deck the Halls,Comedy,93,2006,no,John Whitesell,PG,4.9,Rotten,Spilled,15491,6,30,no,no,no,no,no
Simone,Drama,117,2002,no,Andrew Niccol,PG-13,6.1,Rotten,Spilled,51070,51,35,no,no,yes,no,no
The Adjuster,Drama,102,1992,no,Atom Egoyan,R,6.8,Fresh,Upright,2530,73,73,no,no,no,no,no
Turistas (Paradise Lost),Drama,93,2006,no,John Stockwell,R,5.3,Rotten,Spilled,30495,16,28,no,no,no,no,no
New In Town,Comedy,97,2009,no,Jonas Elmer,PG,5.6,Rotten,Spilled,16955,29,37,no,no,no,no,no
The Prestige,Drama,130,2006,no,Christopher Nolan,PG-13,8.5,Certified Fresh,Upright,797101,76,92,no,no,no,no,no
Waist Deep,Drama,97,2006,no,Stan Lathan,R,5.9,Rotten,Upright,8059,27,76,no,no,no,no,no
The Science of Sleep,Drama,105,2006,no,Michel Gondry,R,7.3,Fresh,Upright,60483,71,81,no,no,no,no,no
Gracie,Drama,95,2007,no,Davis Guggenheim,PG-13,6.2,Fresh,Spilled,3602,60,58,no,no,no,no,no
"See No Evil, Hear No Evil",Action & Adventure,103,1989,no,Arthur Hiller,R,6.8,Rotten,Upright,34802,18,72,no,no,yes,no,no
The Safety of Objects,Mystery & Suspense,121,2001,no,Rose Troche,R,6.6,Rotten,Upright,3730,49,66,no,no,no,no,no
Dumb and Dumberer: When Harry Met Lloyd,Comedy,85,2003,no,Troy Miller,PG-13,3.4,Rotten,Spilled,30085,10,23,no,no,no,no,no
The Little Rascals,Comedy,82,1994,no,Penelope Spheeris,PG,6.3,Rotten,Upright,32737,25,70,no,no,no,no,no
Moonstruck,Drama,102,1987,no,Norman Jewison,PG,7.1,Certified Fresh,Upright,34307,92,81,yes,no,yes,yes,no
World Trade Center,Drama,129,2006,no,Oliver Stone,PG-13,6,Fresh,Upright,66171,68,60,no,no,yes,no,yes
The Portrait of a Lady,Drama,144,1996,no,Jane Campion,PG-13,6.3,Rotten,Spilled,8685,43,52,no,no,no,yes,no
The Postman,Action & Adventure,177,1997,no,Kevin Costner,R,5.9,Rotten,Spilled,54597,9,49,no,no,no,no,yes
Mixed Nuts,Comedy,97,1994,no,Nora Ephron,PG-13,5.3,Rotten,Spilled,7862,7,46,no,no,no,no,no
While You Were Sleeping,Drama,103,1995,no,Jon Turteltaub,PG,6.6,Certified Fresh,Upright,68871,80,79,no,no,no,yes,no
No Country for Old Men,Drama,122,2007,no,Joel Coen,R,8.1,Certified Fresh,Upright,582091,93,86,yes,yes,no,no,yes
Pootie Tang,Comedy,81,2001,no,Louis C.K.,PG-13,5.1,Rotten,Upright,11156,29,63,no,no,no,no,no
Sans Soleil,Documentary,100,1983,no,Chris Marker,R,8.2,Fresh,Upright,6345,92,88,no,no,no,no,no
The Secret Life of Words,Art House & International,115,2006,no,Isabel Coixet,Unrated,7.5,Fresh,Upright,9990,71,86,no,no,no,no,no
Dare,Drama,92,2009,no,Adam Salky,R,5.9,Fresh,Spilled,3473,60,34,no,no,no,no,no
Formula 51,Action & Adventure,93,2002,no,Ronny Yu,R,6.3,Rotten,Spilled,42295,25,59,no,no,no,no,no
The Fifth Element,Drama,126,1997,no,Luc Besson,PG-13,7.6,Fresh,Upright,329613,71,87,no,no,no,no,no
The Frozen Ground,Mystery & Suspense,105,2013,no,Scott Walker,R,6.4,Fresh,Spilled,42408,60,50,no,no,yes,no,no
Ice Age: Continental Drift,Action & Adventure,88,2012,no,Michael Thurmeier,PG,6.7,Rotten,Upright,137222,37,62,no,no,no,no,no
Showtime,Comedy,95,2002,no,Tom Dey,PG-13,5.5,Rotten,Spilled,51366,25,25,no,no,yes,no,no
The Greatest Game Ever Played,Drama,120,2005,no,Bill Paxton,PG,7.5,Fresh,Upright,21623,63,82,no,no,no,no,no
Grizzly Man,Documentary,103,2005,no,Werner Herzog,R,7.8,Certified Fresh,Upright,39320,93,85,no,no,no,no,no
Galaxina,Science Fiction & Fantasy,95,1980,no,William Sachs,R,3.4,Rotten,Spilled,1915,17,26,no,no,no,no,no
"Oh, God! Book II",Comedy,94,1980,no,Gilbert Cates,PG,5.1,Rotten,Spilled,1674,50,38,no,no,no,no,no
Micki + Maude,Comedy,118,1984,no,Blake Edwards,PG-13,5.9,Fresh,Spilled,2096,67,45,no,no,no,no,no
Bootmen,Drama,95,2000,no,Dein Perry,R,6.2,Rotten,Upright,1935,35,70,no,no,no,no,no
My Dinner with Andre,Drama,110,1981,no,Louis Malle,PG,7.8,Fresh,Upright,10522,91,86,no,no,no,no,no
Mother's Boys,Mystery & Suspense,96,1993,no,Yves Simoneau,R,5.4,Rotten,Spilled,2380,43,28,no,no,no,no,no
Robin Hood,Action & Adventure,83,1973,no,Wolfgang Reitherman,G,7.6,Rotten,Upright,78862,50,81,no,no,no,no,no
Ghost Rider: Spirit of Vengeance,Action & Adventure,96,2012,no,Brian Taylor,PG-13,4.3,Rotten,Spilled,83724,17,32,no,no,yes,no,no
Naked Lunch,Drama,115,1991,no,David Cronenberg,R,7.1,Fresh,Upright,34298,71,77,no,no,no,no,no
Theremin: An Electronic Odyssey,Documentary,83,1994,no,Steven M. Martin,PG,7.4,Fresh,Upright,830,100,72,no,no,no,no,no
The Whole Wide World,Drama,111,1996,no,Dan Ireland,PG,7.3,Fresh,Upright,2869,81,72,no,no,no,no,no
Hostel,Horror,94,2006,no,Eli Roth,R,5.9,Fresh,Spilled,134510,61,53,no,no,no,no,no
Swordfish,Drama,99,2001,no,Dominic Sena,R,6.5,Rotten,Upright,152216,26,60,no,no,no,yes,no
Dark Skies,Mystery & Suspense,97,2013,no,Scott Stewart,PG-13,6.3,Rotten,Spilled,54771,40,49,no,no,no,no,no
The Distinguished Gentleman,Comedy,112,1992,no,Jonathan Lynn,R,5.8,Rotten,Spilled,11838,13,36,no,no,no,no,no
The Time Traveler's Wife,Drama,107,2009,no,Robert Schwentke,PG-13,7.1,Rotten,Spilled,110540,38,59,no,no,no,no,no
Breathless,Drama,100,1983,no,Jim McBride,R,5.7,Fresh,Spilled,6343,67,49,no,no,no,no,no
Love Actually,Comedy,135,2003,no,Richard Curtis,R,7.7,Fresh,Upright,309494,63,73,no,no,yes,yes,no
"Oh, God!",Science Fiction & Fantasy,98,1977,no,Carl Reiner,PG,6.5,Fresh,Spilled,6909,72,59,no,no,no,no,no
Bookies,Drama,88,2004,no,Mark Illsley,R,6,Fresh,Spilled,1890,67,49,no,no,no,no,no
Live and Let Die,Mystery & Suspense,121,1973,no,Guy Hamilton,PG,6.8,Fresh,Upright,72176,66,65,no,no,no,no,no
What's Cooking?,Drama,109,2000,no,Gurinder Chadha,PG-13,7.1,Rotten,Upright,2271,52,64,no,no,no,no,no
The Funeral,Drama,99,1996,no,Abel Ferrara,R,6.6,Fresh,Upright,6804,79,68,no,no,no,no,no
Safe House,Mystery & Suspense,115,2012,no,Daniel Espinosa,R,6.8,Rotten,Upright,161101,53,64,no,no,no,no,no
Welcome to Mooseport,Comedy,110,2004,no,Donald Petrie,PG-13,5.2,Rotten,Spilled,10535,13,19,no,no,yes,no,no
Trainspotting,Drama,94,1996,no,Danny Boyle,R,8.2,Certified Fresh,Upright,448434,89,93,no,no,no,no,yes
I Wanna Hold Your Hand,Drama,104,1978,no,Robert Zemeckis,PG,6.9,Fresh,Upright,2931,83,76,no,no,no,no,yes
UHF,Other,97,1989,no,Jay Levey,PG,7,Fresh,Upright,21009,63,77,no,no,no,no,no
Lola Versus,Comedy,87,2012,no,Daryl Wein,R,5.4,Rotten,Spilled,6811,35,31,no,no,no,no,no
Countdown to Zero,Documentary,89,2010,no,Lucy Walker,PG,6.9,Certified Fresh,Upright,1943,81,72,no,no,no,no,no
The Imposter,Documentary,99,2012,no,Bart Layton,R,7.5,Certified Fresh,Upright,32338,95,78,no,no,no,no,no
The Perfect Score,Drama,93,2004,no,Brian Robbins,PG-13,5.7,Rotten,Spilled,19161,17,44,no,no,no,no,no
A Perfect Getaway,Mystery & Suspense,98,2009,no,David Twohy,R,6.5,Fresh,Spilled,54871,61,52,no,no,no,no,no
Death Line (Raw Meat),Horror,87,1972,no,Gary Sherman,R,6,Fresh,Spilled,2433,86,44,no,no,no,no,no
Things to Do in Denver...When You're Dead,Drama,115,1995,no,Gary Fleder,R,6.8,Rotten,Upright,21924,33,73,no,no,no,no,no
Mad Max 2: The Road Warrior,Action & Adventure,95,1981,no,George Miller,R,7.6,Certified Fresh,Upright,128298,98,85,no,no,no,no,no
My Girl 2,Drama,99,1996,no,Howard Zieff,PG,5.1,Rotten,Spilled,14559,27,46,no,no,no,no,no
Candy,Drama,116,2006,no,Neil Armfield,R,7.3,Rotten,Upright,34926,49,77,no,no,yes,no,no
The Secret Garden,Drama,101,1993,no,Agnieszka Holland,G,7.3,Certified Fresh,Upright,27097,85,80,no,no,no,yes,no
Get on the Bus,Drama,120,1996,no,Spike Lee,R,6.8,Certified Fresh,Upright,4021,88,71,no,no,no,no,no
Ghosts of Abu Ghraib,Documentary,78,2007,no,Rory Kennedy,Unrated,8,Fresh,Upright,764,100,91,no,no,no,no,no
Punchline,Drama,128,1988,no,David Seltzer,R,5.8,Rotten,Spilled,6418,50,42,no,no,yes,yes,no
Bridget Jones - The Edge of Reason,Drama,108,2004,no,Beeban Kidron,R,5.9,Rotten,Upright,70737,27,61,no,no,yes,no,no
Code Name: The Cleaner,Action & Adventure,84,2007,no,Les Mayfield,PG-13,4.5,Rotten,Spilled,9656,4,37,no,no,no,no,no
Fast & Furious,Mystery & Suspense,107,2009,no,Justin Lin,PG-13,6.6,Rotten,Upright,193702,28,67,no,no,no,no,no
House of 1000 Corpses,Horror,89,2003,no,Rob Zombie,R,6,Rotten,Upright,59076,19,65,no,no,no,no,no
What Women Want,Comedy,127,2001,no,Nancy Meyers,PG-13,6.4,Rotten,Spilled,154148,54,54,no,no,no,yes,no
River's Edge,Drama,99,1987,no,Tim Hunter,R,7.1,Fresh,Upright,11377,87,76,no,no,no,no,no
The Babysitter,Mystery & Suspense,90,1995,no,Guy Ferland,R,4.2,Rotten,Spilled,3302,17,15,no,no,no,no,no
Saint of 9/11,Documentary,90,2006,no,Glenn Holsten,Unrated,7.8,Fresh,Upright,180,84,79,no,no,no,no,no
Black Death,Drama,102,2011,no,Christopher Smith,R,6.4,Fresh,Spilled,34253,68,49,no,no,yes,no,no
Little Manhattan,Drama,84,2005,no,Mark Levin,PG,7.6,Fresh,Upright,17960,77,86,no,no,no,no,no
In Search of Beethoven,Musical & Performing Arts,139,2009,no,Phil Grabsky,Unrated,7.5,Fresh,Upright,281,92,77,no,no,no,no,no
Taps,Drama,126,1981,no,Harold Becker,PG,6.7,Fresh,Upright,12498,75,67,no,no,yes,no,no
"Planes, Trains and Automobiles",Comedy,93,1987,no,John Hughes,R,7.6,Certified Fresh,Upright,86831,94,87,no,no,no,no,no
Mirrors,Mystery & Suspense,110,2008,no,Alexandre Aja,R,6.2,Rotten,Spilled,83424,14,44,no,no,no,no,no
A Shot at Glory,Drama,114,2001,no,Michael Corrente,R,6.3,Fresh,Upright,1803,67,65,no,no,no,no,no
Flipped,Drama,90,2010,no,Rob Reiner,PG,7.7,Rotten,Upright,56919,55,78,no,no,no,no,no
Sweet Sixteen,Drama,106,2003,no,Ken Loach,R,7.5,Certified Fresh,Upright,10250,97,87,no,no,no,no,no
Cold Creek Manor,Mystery & Suspense,118,2003,no,Mike Figgis,R,4.9,Rotten,Spilled,18005,12,22,no,no,no,no,no
Snake Eyes,Drama,98,1998,no,Brian DePalma,R,5.9,Rotten,Spilled,62773,40,35,no,no,yes,no,no
Croupier,Mystery & Suspense,94,2000,no,Mike Hodges,R,7.2,Certified Fresh,Upright,15444,98,80,no,no,no,no,no
What About Bob?,Drama,99,1991,no,Frank Oz,PG,7,Fresh,Upright,48756,83,79,no,no,yes,no,no
The Ex,Comedy,89,2007,no,Jesse Peretz,PG-13,5.6,Rotten,Spilled,14986,19,32,no,no,no,no,no
A Haunted House 2,Comedy,86,2014,no,Michael Tiddes,R,4.7,Rotten,Spilled,13525,8,44,no,no,no,no,no
Real Steel,Drama,127,2011,no,Shawn Levy,PG-13,7.1,Fresh,Upright,246343,60,73,no,no,no,no,no
Wanted,Action & Adventure,110,2008,no,Timur Bekmambetov,R,6.7,Certified Fresh,Upright,290958,72,69,no,no,no,no,no
Thieves Like Us,Drama,123,1974,no,Robert Altman,R,7.1,Fresh,Upright,3146,89,71,no,no,no,yes,no
In Dreams,Mystery & Suspense,100,1999,no,Neil Jordan,R,5.5,Rotten,Spilled,10886,25,39,no,no,no,no,no
Mallrats,Comedy,94,1995,no,Kevin Smith,R,7.2,Rotten,Upright,96471,55,82,no,no,no,no,no
Medicine Man,Drama,106,1992,no,John McTiernan,PG-13,5.9,Rotten,Spilled,17101,20,46,no,no,no,no,no
Sea Monsters: A Prehistoric Adventure,Documentary,40,2007,no,Sean MacLeod Phillips,G,7,Fresh,Upright,723,100,68,no,no,no,no,no
Ray,Drama,152,2004,no,Taylor Hackford,PG-13,7.7,Certified Fresh,Upright,106171,81,87,yes,no,yes,no,no
Coach Carter,Drama,136,2005,no,Thomas Carter,PG-13,7.2,Fresh,Upright,88777,65,85,no,no,no,no,no
Training Day,Drama,122,2001,no,Antoine Fuqua,R,7.7,Fresh,Upright,294683,72,89,no,no,yes,no,no
Saturday Night Fever,Drama,118,1977,yes,John Badham,R,6.8,Certified Fresh,Upright,51534,88,71,no,no,no,no,no
The Mother,Drama,112,2004,no,Roger Michell,R,6.9,Certified Fresh,Upright,3487,77,62,no,no,no,no,no
Under Fire,Mystery & Suspense,128,1983,no,Roger Spottiswoode,R,7.1,Fresh,Upright,5115,88,68,no,no,yes,no,no
Hairspray,Drama,92,1988,no,John Waters,PG,6.9,Fresh,Upright,15449,97,80,no,no,no,no,no
Sweet Liberty,Comedy,106,1986,no,Alan Alda,PG,5.7,Fresh,Spilled,2181,75,34,no,no,no,no,no
Urban Cowboy,Other,132,1980,no,James Bridges,PG,6.2,Fresh,Upright,9832,77,81,no,no,no,no,no
Shooter,Drama,124,2007,no,Antoine Fuqua,R,7.2,Rotten,Upright,247105,48,80,no,no,no,no,no
Crumb,Comedy,119,1995,no,Terry Zwigoff,R,8,Certified Fresh,Upright,13614,95,89,no,no,no,no,no
Just Friends,Drama,96,2005,no,Roger  Kumble,PG-13,6.2,Rotten,Upright,78297,42,72,no,no,no,no,no
Over the Edge,Drama,95,1979,no,Jonathan Kaplan,PG,7.6,Fresh,Upright,4369,89,86,no,no,no,no,no
Operation Dumbo Drop,Comedy,107,1995,no,Simon Wincer,PG,4.9,Rotten,Spilled,6765,31,29,no,no,no,no,no
The Postman Always Rings Twice,Mystery & Suspense,122,1981,no,Bob Rafelson,PG,6.6,Fresh,Spilled,16137,83,59,no,no,yes,yes,no
Monster,Drama,109,2004,no,Patty Jenkins,R,7.3,Certified Fresh,Upright,101850,82,81,no,no,no,yes,no
Bright Leaves,Documentary,107,2004,no,Ross McElwee,Unrated,7.1,Certified Fresh,Upright,504,86,71,no,no,no,yes,no
Teenage Paparazzo,Documentary,94,2010,no,Adrian Grenier,Unrated,7.4,Fresh,Upright,1935,100,94,no,no,no,no,no
The Gauntlet,Mystery & Suspense,109,1977,no,Clint Eastwood,R,6.4,Fresh,Spilled,15116,82,54,no,no,no,no,yes
Jerry Maguire,Drama,139,1996,no,Cameron Crowe,R,7.3,Certified Fresh,Upright,183717,85,79,yes,no,no,no,no
Felon,Drama,104,2008,no,Ric Roman Waugh,R,7.5,Rotten,Upright,64873,59,82,no,no,no,no,no
On Golden Pond,Drama,109,1981,yes,Mark Rydell,PG,7.7,Fresh,Upright,20738,92,87,yes,no,yes,yes,no
Army of Darkness,Action & Adventure,81,1993,no,Sam Raimi,R,7.6,Fresh,Upright,123769,72,87,no,no,no,no,no
Maverick,Other,127,1994,no,Richard Donner,PG-13,7,Fresh,Upright,79866,67,71,no,no,no,yes,no
The Little Mermaid,Animation,83,1989,no,John Musker,G,7.6,Certified Fresh,Upright,160237,92,88,no,no,no,no,no
Astro Boy (AstroBoy),Action & Adventure,94,2009,no,David Bowers,PG,6.3,Rotten,Spilled,24595,49,50,no,no,yes,no,no
The Trip,Art House & International,112,2011,no,Michael Winterbottom,Unrated,7,Certified Fresh,Upright,16883,89,70,no,no,no,no,no
Pete Seeger: The Power of Song,Documentary,93,2007,no,Jim Brown,PG,8.4,Fresh,Upright,390,95,92,no,no,no,no,no
Zombi 2,Horror,91,1980,no,Lucio Fulci,R,6.9,Rotten,Upright,19539,42,70,no,no,no,no,no
Jaws 2,Action & Adventure,116,1978,no,Jeannot Szwarc,PG,5.7,Rotten,Spilled,48718,53,38,no,no,no,no,no
Maniac,Horror,89,2013,no,Franck Khalfoun,Unrated,6.1,Rotten,Spilled,26301,49,44,no,no,no,no,no
Velvet Goldmine,Musical & Performing Arts,124,1998,no,Todd Haynes,R,7,Rotten,Upright,26943,56,80,no,no,no,no,no
Undertaking Betty,Drama,94,2003,no,Nich Hurran,PG-13,6.7,Rotten,Upright,4077,40,66,no,no,no,no,no
Taking Lives,Drama,103,2004,no,D.J. Caruso,R,6.2,Rotten,Spilled,63511,22,55,no,no,no,no,no
The Illusionist (L'illusionniste),Drama,80,2010,no,Sylvain Chomet,PG,7.5,Certified Fresh,Upright,27601,90,79,no,no,no,no,no
Titanic,Drama,194,1997,yes,James Cameron,PG-13,7.7,Certified Fresh,Upright,756602,88,69,yes,yes,no,yes,yes
The Tillman Story,Documentary,94,2010,no,Amir Bar-Lev,R,7.8,Certified Fresh,Upright,3998,93,91,no,no,no,no,no
To The Wonder,Drama,112,2013,no,Terrence Malick,R,6,Rotten,Spilled,19898,46,38,no,no,no,no,no
Snow Angels,Drama,107,2007,no,David Gordon Green,R,6.9,Fresh,Upright,10786,68,67,no,no,no,no,no
Mrs. Dalloway,Drama,97,1998,no,Marleen Gorris,PG-13,6.9,Fresh,Spilled,2857,71,58,no,no,no,no,no
F for Fake,Documentary,89,1974,no,Orson Welles,Unrated,7.8,Certified Fresh,Upright,9675,88,89,no,no,no,no,no
Saving Face,Drama,91,2005,no,Alice Wu,R,7.6,Certified Fresh,Upright,7545,87,88,no,no,no,no,no
The Jerky Boys,Comedy,82,1995,no,James Melkonian,R,4.5,Rotten,Spilled,2113,9,52,no,no,no,no,no
The Unbelievable Truth,Drama,90,1990,no,Hal Hartley,R,7.5,Fresh,Upright,3448,100,89,no,no,no,no,no
Article 99,Drama,100,1992,no,Howard Deutch,R,6,Rotten,Spilled,2441,46,55,no,no,yes,no,no
Great Balls of Fire,Drama,108,1989,no,Jim McBride,PG-13,6.2,Fresh,Spilled,12402,63,53,no,no,no,no,no
Condorman,Action & Adventure,90,1981,no,Charles Jarrott,PG,5.7,Rotten,Upright,3373,25,65,no,no,no,no,no
Man of the House,Comedy,96,1995,no,James Orr,PG,4.9,Rotten,Spilled,6322,14,33,no,no,no,no,no
Broken,Documentary,91,2013,no,Billy Corben,Unrated,7.3,Fresh,Upright,9906,63,74,no,no,no,no,no
The Big Red One,Drama,113,1980,no,Samuel Fuller,PG,7.2,Certified Fresh,Upright,15025,91,78,no,no,yes,no,no
Mighty Aphrodite,Comedy,95,1995,no,Woody Allen,R,7.1,Fresh,Upright,30826,77,73,no,no,no,no,yes
Captain Phillips,Drama,134,2013,no,Paul Greengrass,PG-13,7.9,Certified Fresh,Upright,309896,93,89,yes,no,yes,no,no
Amityville II: The Possession,Horror,104,1982,no,Damiano Damiani,R,5.4,Rotten,Spilled,7284,7,35,no,no,no,no,no
The Long Kiss Goodnight,Mystery & Suspense,121,1996,no,Renny Harlin,R,6.7,Fresh,Upright,58907,67,70,no,no,no,no,no
Fool's Gold,Action & Adventure,112,2008,no,Andy Tennant,PG-13,5.6,Rotten,Spilled,57251,11,48,no,no,yes,no,no
Doogal,Animation,85,2006,no,Frank Passingham,G,2.8,Rotten,Spilled,3790,8,18,no,no,no,no,no
Bait,Drama,119,2000,no,Antoine Fuqua,R,5.7,Rotten,Spilled,8818,26,41,no,no,yes,no,no
Body of Evidence,Mystery & Suspense,99,1992,no,Uli Edel,R,4.3,Rotten,Spilled,11125,6,22,no,no,no,yes,no
The Hunger Games,Drama,142,2012,yes,Gary Ross,PG-13,7.3,Certified Fresh,Upright,675907,84,81,no,no,no,yes,no
Hell's Kitchen N.Y.C.,Drama,95,1999,no,Tony Cinciripini,R,4.9,Rotten,Spilled,2120,40,35,no,no,no,no,no
The Lake House,Drama,99,2006,no,Alejandro Agresti,PG,6.8,Rotten,Upright,111132,35,73,no,no,no,yes,no
In the Name of the Father,Drama,133,1993,no,Jim Sheridan,R,8.1,Certified Fresh,Upright,103378,94,95,yes,no,yes,yes,no
Desperate Measures,Drama,100,1997,no,Barbet Schroeder,R,6.1,Rotten,Spilled,13682,17,37,no,no,no,no,no
The Invasion,Mystery & Suspense,99,2007,no,Oliver Hirschbiegel,PG-13,5.9,Rotten,Spilled,63672,19,40,no,no,no,yes,no
Eye of the Needle,Drama,112,1981,no,Richard Marquand,R,7.1,Fresh,Upright,6946,85,72,no,no,no,no,no
Funny Lady,Drama,136,1975,no,Herbert Ross,PG,6.4,Rotten,Spilled,3584,38,55,no,no,no,yes,no
Alvin and the Chipmunks,Animation,92,2007,no,Tim Hill,PG,5.3,Rotten,Upright,54363,27,65,no,no,no,no,no
Pina,Musical & Performing Arts,103,2011,no,Wim Wenders,PG,7.7,Certified Fresh,Upright,11197,95,81,no,no,no,no,no
Capote,Drama,114,2005,no,Bennett Miller,R,7.4,Certified Fresh,Upright,96787,90,81,yes,no,yes,no,no
Dead Men Don't Wear Plaid,Mystery & Suspense,88,1982,no,Carl Reiner,PG,6.8,Fresh,Upright,16366,77,73,no,no,no,no,no
Tarzan,Drama,88,1999,no,Chris Buck,G,7.2,Certified Fresh,Upright,134270,88,74,no,no,no,no,no
Cocoon: The Return,Drama,116,1988,no,Daniel Petrie,PG,5.2,Rotten,Spilled,11657,36,35,no,no,no,no,no
Death Defying Acts,Drama,97,2008,no,Gillian Armstrong,PG,5.9,Rotten,Spilled,8345,44,26,no,no,no,no,no
Half Baked,Comedy,82,1998,no,Tamra Davis,R,6.7,Rotten,Upright,46794,29,81,no,no,no,no,no
Dance of the Dead,Action & Adventure,87,2008,no,Gregg Bishop,R,5.9,Fresh,Spilled,10087,80,52,no,no,no,no,no
Around the World in 80 Days,Action & Adventure,120,2004,yes,Frank Coraci,PG,5.8,Rotten,Spilled,66054,31,34,no,no,no,no,no
LOL,Comedy,97,2012,no,Liza Azuelos,PG-13,4.2,Rotten,Spilled,43574,17,51,no,no,no,no,no
